Patient_9	biomarker	EGFR_Positive
Patient_33	biomarker	EGFR_Positive
Patient_41	biomarker	EGFR_Positive
Patient_66	biomarker	EGFR_Positive
Patient_71	biomarker	EGFR_Positive
Patient_72	biomarker	EGFR_Positive
Patient_87	biomarker	EGFR_Positive
Patient_91	biomarker	EGFR_Positive
Patient_104	biomarker	EGFR_Positive
Patient_107	biomarker	EGFR_Positive
Patient_120	biomarker	EGFR_Positive
Patient_178	biomarker	EGFR_Positive
Patient_192	biomarker	EGFR_Positive
Patient_200	biomarker	EGFR_Positive
Patient_214	biomarker	EGFR_Positive
Patient_218	biomarker	EGFR_Positive
Patient_223	biomarker	EGFR_Positive
Patient_227	biomarker	EGFR_Positive
Patient_256	biomarker	EGFR_Positive
Patient_306	biomarker	EGFR_Positive
Patient_350	biomarker	EGFR_Positive
Patient_354	biomarker	EGFR_Positive
Patient_385	biomarker	EGFR_Positive
Patient_398	biomarker	EGFR_Positive
Patient_400	biomarker	EGFR_Positive
Patient_469	biomarker	EGFR_Positive
Patient_481	biomarker	EGFR_Positive
Patient_483	biomarker	EGFR_Positive
Patient_514	biomarker	EGFR_Positive
Patient_518	biomarker	EGFR_Positive
Patient_526	biomarker	EGFR_Positive
Patient_547	biomarker	EGFR_Positive
Patient_559	biomarker	EGFR_Positive
Patient_560	biomarker	EGFR_Positive
Patient_561	biomarker	EGFR_Positive
Patient_638	biomarker	EGFR_Positive
Patient_701	biomarker	EGFR_Positive
Patient_732	biomarker	EGFR_Positive
Patient_750	biomarker	EGFR_Positive
Patient_756	biomarker	EGFR_Positive
Patient_768	biomarker	EGFR_Positive
Patient_776	biomarker	EGFR_Positive
Patient_812	biomarker	EGFR_Positive
Patient_821	biomarker	EGFR_Positive
Patient_829	biomarker	EGFR_Positive
Patient_850	biomarker	EGFR_Positive
Patient_863	biomarker	EGFR_Positive
Patient_877	biomarker	EGFR_Positive
Patient_903	biomarker	EGFR_Positive
Patient_913	biomarker	EGFR_Positive
Patient_928	biomarker	EGFR_Positive
Patient_933	biomarker	EGFR_Positive
Patient_946	biomarker	EGFR_Positive
Patient_967	biomarker	EGFR_Positive
Patient_2	biomarker	EGFR_Positive
Patient_26	biomarker	EGFR_Positive
Patient_32	biomarker	EGFR_Positive
Patient_49	biomarker	EGFR_Positive
Patient_50	biomarker	EGFR_Positive
Patient_66	biomarker	EGFR_Positive
Patient_73	biomarker	EGFR_Positive
Patient_81	biomarker	EGFR_Positive
Patient_104	biomarker	EGFR_Positive
Patient_137	biomarker	EGFR_Positive
Patient_152	biomarker	EGFR_Positive
Patient_165	biomarker	EGFR_Positive
Patient_172	biomarker	EGFR_Positive
Patient_219	biomarker	EGFR_Positive
Patient_238	biomarker	EGFR_Positive
Patient_243	biomarker	EGFR_Positive
Patient_321	biomarker	EGFR_Positive
Patient_328	biomarker	EGFR_Positive
Patient_331	biomarker	EGFR_Positive
Patient_354	biomarker	EGFR_Positive
Patient_360	biomarker	EGFR_Positive
Patient_400	biomarker	EGFR_Positive
Patient_402	biomarker	EGFR_Positive
Patient_419	biomarker	EGFR_Positive
Patient_435	biomarker	EGFR_Positive
Patient_436	biomarker	EGFR_Positive
Patient_475	biomarker	EGFR_Positive
Patient_479	biomarker	EGFR_Positive
Patient_488	biomarker	EGFR_Positive
Patient_530	biomarker	EGFR_Positive
Patient_555	biomarker	EGFR_Positive
Patient_575	biomarker	EGFR_Positive
Patient_579	biomarker	EGFR_Positive
Patient_592	biomarker	EGFR_Positive
Patient_608	biomarker	EGFR_Positive
Patient_634	biomarker	EGFR_Positive
Patient_647	biomarker	EGFR_Positive
Patient_659	biomarker	EGFR_Positive
Patient_666	biomarker	EGFR_Positive
Patient_674	biomarker	EGFR_Positive
Patient_692	biomarker	EGFR_Positive
Patient_703	biomarker	EGFR_Positive
Patient_720	biomarker	EGFR_Positive
Patient_723	biomarker	EGFR_Positive
Patient_729	biomarker	EGFR_Positive
Patient_773	biomarker	EGFR_Positive
Patient_824	biomarker	EGFR_Positive
Patient_826	biomarker	EGFR_Positive
Patient_874	biomarker	EGFR_Positive
Patient_956	biomarker	EGFR_Positive
Patient_978	biomarker	EGFR_Positive
Patient_985	biomarker	EGFR_Positive
Patient_989	biomarker	EGFR_Positive
Patient_17	biomarker	EGFR_Positive
Patient_24	biomarker	EGFR_Positive
Patient_32	biomarker	EGFR_Positive
Patient_55	biomarker	EGFR_Positive
Patient_57	biomarker	EGFR_Positive
Patient_72	biomarker	EGFR_Positive
Patient_94	biomarker	EGFR_Positive
Patient_100	biomarker	EGFR_Positive
Patient_111	biomarker	EGFR_Positive
Patient_116	biomarker	EGFR_Positive
Patient_122	biomarker	EGFR_Positive
Patient_130	biomarker	EGFR_Positive
Patient_140	biomarker	EGFR_Positive
Patient_154	biomarker	EGFR_Positive
Patient_165	biomarker	EGFR_Positive
Patient_171	biomarker	EGFR_Positive
Patient_187	biomarker	EGFR_Positive
Patient_204	biomarker	EGFR_Positive
Patient_205	biomarker	EGFR_Positive
Patient_212	biomarker	EGFR_Positive
Patient_225	biomarker	EGFR_Positive
Patient_231	biomarker	EGFR_Positive
Patient_238	biomarker	EGFR_Positive
Patient_242	biomarker	EGFR_Positive
Patient_253	biomarker	EGFR_Positive
Patient_256	biomarker	EGFR_Positive
Patient_280	biomarker	EGFR_Positive
Patient_290	biomarker	EGFR_Positive
Patient_300	biomarker	EGFR_Positive
Patient_314	biomarker	EGFR_Positive
Patient_345	biomarker	EGFR_Positive
Patient_367	biomarker	EGFR_Positive
Patient_379	biomarker	EGFR_Positive
Patient_380	biomarker	EGFR_Positive
Patient_409	biomarker	EGFR_Positive
Patient_417	biomarker	EGFR_Positive
Patient_423	biomarker	EGFR_Positive
Patient_432	biomarker	EGFR_Positive
Patient_462	biomarker	EGFR_Positive
Patient_471	biomarker	EGFR_Positive
Patient_476	biomarker	EGFR_Positive
Patient_481	biomarker	EGFR_Positive
Patient_486	biomarker	EGFR_Positive
Patient_504	biomarker	EGFR_Positive
Patient_518	biomarker	EGFR_Positive
Patient_520	biomarker	EGFR_Positive
Patient_523	biomarker	EGFR_Positive
Patient_527	biomarker	EGFR_Positive
Patient_536	biomarker	EGFR_Positive
Patient_544	biomarker	EGFR_Positive
Patient_564	biomarker	EGFR_Positive
Patient_565	biomarker	EGFR_Positive
Patient_577	biomarker	EGFR_Positive
Patient_609	biomarker	EGFR_Positive
Patient_638	biomarker	EGFR_Positive
Patient_645	biomarker	EGFR_Positive
Patient_653	biomarker	EGFR_Positive
Patient_669	biomarker	EGFR_Positive
Patient_684	biomarker	EGFR_Positive
Patient_712	biomarker	EGFR_Positive
Patient_738	biomarker	EGFR_Positive
Patient_755	biomarker	EGFR_Positive
Patient_819	biomarker	EGFR_Positive
Patient_831	biomarker	EGFR_Positive
Patient_848	biomarker	EGFR_Positive
Patient_861	biomarker	EGFR_Positive
Patient_866	biomarker	EGFR_Positive
Patient_887	biomarker	EGFR_Positive
Patient_888	biomarker	EGFR_Positive
Patient_900	biomarker	EGFR_Positive
Patient_920	biomarker	EGFR_Positive
Patient_935	biomarker	EGFR_Positive
Patient_938	biomarker	EGFR_Positive
Patient_946	biomarker	EGFR_Positive
Patient_949	biomarker	EGFR_Positive
Patient_958	biomarker	EGFR_Positive
Patient_961	biomarker	EGFR_Positive
Patient_968	biomarker	EGFR_Positive
Patient_970	biomarker	EGFR_Positive
Patient_996	biomarker	EGFR_Positive
Patient_55	biomarker	EGFR_Positive
Patient_56	biomarker	EGFR_Positive
Patient_80	biomarker	EGFR_Positive
Patient_123	biomarker	EGFR_Positive
Patient_133	biomarker	EGFR_Positive
Patient_156	biomarker	EGFR_Positive
Patient_186	biomarker	EGFR_Positive
Patient_234	biomarker	EGFR_Positive
Patient_244	biomarker	EGFR_Positive
Patient_247	biomarker	EGFR_Positive
Patient_274	biomarker	EGFR_Positive
Patient_291	biomarker	EGFR_Positive
Patient_310	biomarker	EGFR_Positive
Patient_324	biomarker	EGFR_Positive
Patient_326	biomarker	EGFR_Positive
Patient_327	biomarker	EGFR_Positive
Patient_362	biomarker	EGFR_Positive
Patient_388	biomarker	EGFR_Positive
Patient_411	biomarker	EGFR_Positive
Patient_423	biomarker	EGFR_Positive
Patient_440	biomarker	EGFR_Positive
Patient_442	biomarker	EGFR_Positive
Patient_460	biomarker	EGFR_Positive
Patient_474	biomarker	EGFR_Positive
Patient_477	biomarker	EGFR_Positive
Patient_498	biomarker	EGFR_Positive
Patient_503	biomarker	EGFR_Positive
Patient_514	biomarker	EGFR_Positive
Patient_517	biomarker	EGFR_Positive
Patient_523	biomarker	EGFR_Positive
Patient_527	biomarker	EGFR_Positive
Patient_540	biomarker	EGFR_Positive
Patient_582	biomarker	EGFR_Positive
Patient_633	biomarker	EGFR_Positive
Patient_643	biomarker	EGFR_Positive
Patient_645	biomarker	EGFR_Positive
Patient_646	biomarker	EGFR_Positive
Patient_670	biomarker	EGFR_Positive
Patient_671	biomarker	EGFR_Positive
Patient_714	biomarker	EGFR_Positive
Patient_730	biomarker	EGFR_Positive
Patient_774	biomarker	EGFR_Positive
Patient_785	biomarker	EGFR_Positive
Patient_802	biomarker	EGFR_Positive
Patient_805	biomarker	EGFR_Positive
Patient_849	biomarker	EGFR_Positive
Patient_855	biomarker	EGFR_Positive
Patient_882	biomarker	EGFR_Positive
Patient_893	biomarker	EGFR_Positive
Patient_936	biomarker	EGFR_Positive
Patient_954	biomarker	EGFR_Positive
Patient_955	biomarker	EGFR_Positive
Patient_962	biomarker	EGFR_Positive
Patient_968	biomarker	EGFR_Positive
Patient_996	biomarker	EGFR_Positive
Patient_2	biomarker	EGFR_Positive
Patient_13	biomarker	EGFR_Positive
Patient_33	biomarker	EGFR_Positive
Patient_39	biomarker	EGFR_Positive
Patient_44	biomarker	EGFR_Positive
Patient_53	biomarker	EGFR_Positive
Patient_81	biomarker	EGFR_Positive
Patient_94	biomarker	EGFR_Positive
Patient_104	biomarker	EGFR_Positive
Patient_113	biomarker	EGFR_Positive
Patient_129	biomarker	EGFR_Positive
Patient_137	biomarker	EGFR_Positive
Patient_148	biomarker	EGFR_Positive
Patient_153	biomarker	EGFR_Positive
Patient_167	biomarker	EGFR_Positive
Patient_176	biomarker	EGFR_Positive
Patient_179	biomarker	EGFR_Positive
Patient_181	biomarker	EGFR_Positive
Patient_201	biomarker	EGFR_Positive
Patient_215	biomarker	EGFR_Positive
Patient_225	biomarker	EGFR_Positive
Patient_229	biomarker	EGFR_Positive
Patient_232	biomarker	EGFR_Positive
Patient_242	biomarker	EGFR_Positive
Patient_250	biomarker	EGFR_Positive
Patient_251	biomarker	EGFR_Positive
Patient_269	biomarker	EGFR_Positive
Patient_285	biomarker	EGFR_Positive
Patient_287	biomarker	EGFR_Positive
Patient_308	biomarker	EGFR_Positive
Patient_328	biomarker	EGFR_Positive
Patient_331	biomarker	EGFR_Positive
Patient_367	biomarker	EGFR_Positive
Patient_379	biomarker	EGFR_Positive
Patient_399	biomarker	EGFR_Positive
Patient_400	biomarker	EGFR_Positive
Patient_402	biomarker	EGFR_Positive
Patient_409	biomarker	EGFR_Positive
Patient_412	biomarker	EGFR_Positive
Patient_419	biomarker	EGFR_Positive
Patient_430	biomarker	EGFR_Positive
Patient_435	biomarker	EGFR_Positive
Patient_436	biomarker	EGFR_Positive
Patient_448	biomarker	EGFR_Positive
Patient_449	biomarker	EGFR_Positive
Patient_453	biomarker	EGFR_Positive
Patient_469	biomarker	EGFR_Positive
Patient_470	biomarker	EGFR_Positive
Patient_479	biomarker	EGFR_Positive
Patient_507	biomarker	EGFR_Positive
Patient_518	biomarker	EGFR_Positive
Patient_530	biomarker	EGFR_Positive
Patient_534	biomarker	EGFR_Positive
Patient_554	biomarker	EGFR_Positive
Patient_555	biomarker	EGFR_Positive
Patient_572	biomarker	EGFR_Positive
Patient_573	biomarker	EGFR_Positive
Patient_579	biomarker	EGFR_Positive
Patient_583	biomarker	EGFR_Positive
Patient_589	biomarker	EGFR_Positive
Patient_593	biomarker	EGFR_Positive
Patient_605	biomarker	EGFR_Positive
Patient_608	biomarker	EGFR_Positive
Patient_622	biomarker	EGFR_Positive
Patient_634	biomarker	EGFR_Positive
Patient_639	biomarker	EGFR_Positive
Patient_647	biomarker	EGFR_Positive
Patient_649	biomarker	EGFR_Positive
Patient_655	biomarker	EGFR_Positive
Patient_663	biomarker	EGFR_Positive
Patient_666	biomarker	EGFR_Positive
Patient_677	biomarker	EGFR_Positive
Patient_692	biomarker	EGFR_Positive
Patient_701	biomarker	EGFR_Positive
Patient_703	biomarker	EGFR_Positive
Patient_704	biomarker	EGFR_Positive
Patient_708	biomarker	EGFR_Positive
Patient_718	biomarker	EGFR_Positive
Patient_720	biomarker	EGFR_Positive
Patient_724	biomarker	EGFR_Positive
Patient_729	biomarker	EGFR_Positive
Patient_730	biomarker	EGFR_Positive
Patient_732	biomarker	EGFR_Positive
Patient_760	biomarker	EGFR_Positive
Patient_765	biomarker	EGFR_Positive
Patient_773	biomarker	EGFR_Positive
Patient_781	biomarker	EGFR_Positive
Patient_797	biomarker	EGFR_Positive
Patient_808	biomarker	EGFR_Positive
Patient_813	biomarker	EGFR_Positive
Patient_814	biomarker	EGFR_Positive
Patient_833	biomarker	EGFR_Positive
Patient_845	biomarker	EGFR_Positive
Patient_877	biomarker	EGFR_Positive
Patient_881	biomarker	EGFR_Positive
Patient_910	biomarker	EGFR_Positive
Patient_916	biomarker	EGFR_Positive
Patient_918	biomarker	EGFR_Positive
Patient_931	biomarker	EGFR_Positive
Patient_954	biomarker	EGFR_Positive
Patient_975	biomarker	EGFR_Positive
Patient_977	biomarker	EGFR_Positive
Patient_978	biomarker	EGFR_Positive
Patient_989	biomarker	EGFR_Positive
