Patient_0	comorbidity	Depression
Patient_5	comorbidity	Depression
Patient_8	comorbidity	Depression
Patient_17	comorbidity	Depression
Patient_21	comorbidity	Depression
Patient_22	comorbidity	Depression
Patient_26	comorbidity	Depression
Patient_28	comorbidity	Depression
Patient_37	comorbidity	Depression
Patient_50	comorbidity	Depression
Patient_76	comorbidity	Depression
Patient_81	comorbidity	Depression
Patient_82	comorbidity	Depression
Patient_102	comorbidity	Depression
Patient_120	comorbidity	Depression
Patient_138	comorbidity	Depression
Patient_142	comorbidity	Depression
Patient_152	comorbidity	Depression
Patient_178	comorbidity	Depression
Patient_196	comorbidity	Depression
Patient_212	comorbidity	Depression
Patient_256	comorbidity	Depression
Patient_261	comorbidity	Depression
Patient_276	comorbidity	Depression
Patient_294	comorbidity	Depression
Patient_303	comorbidity	Depression
Patient_307	comorbidity	Depression
Patient_322	comorbidity	Depression
Patient_355	comorbidity	Depression
Patient_382	comorbidity	Depression
Patient_385	comorbidity	Depression
Patient_419	comorbidity	Depression
Patient_436	comorbidity	Depression
Patient_441	comorbidity	Depression
Patient_475	comorbidity	Depression
Patient_476	comorbidity	Depression
Patient_488	comorbidity	Depression
Patient_528	comorbidity	Depression
Patient_620	comorbidity	Depression
Patient_628	comorbidity	Depression
Patient_636	comorbidity	Depression
Patient_658	comorbidity	Depression
Patient_660	comorbidity	Depression
Patient_667	comorbidity	Depression
Patient_692	comorbidity	Depression
Patient_696	comorbidity	Depression
Patient_714	comorbidity	Depression
Patient_721	comorbidity	Depression
Patient_743	comorbidity	Depression
Patient_745	comorbidity	Depression
Patient_754	comorbidity	Depression
Patient_795	comorbidity	Depression
Patient_796	comorbidity	Depression
Patient_798	comorbidity	Depression
Patient_840	comorbidity	Depression
Patient_878	comorbidity	Depression
Patient_902	comorbidity	Depression
Patient_909	comorbidity	Depression
Patient_924	comorbidity	Depression
Patient_932	comorbidity	Depression
Patient_950	comorbidity	Depression
Patient_957	comorbidity	Depression
Patient_968	comorbidity	Depression
Patient_984	comorbidity	Depression
Patient_990	comorbidity	Depression
Patient_997	comorbidity	Depression
Patient_5	comorbidity	Depression
Patient_7	comorbidity	Depression
Patient_22	comorbidity	Depression
Patient_28	comorbidity	Depression
Patient_63	comorbidity	Depression
Patient_67	comorbidity	Depression
Patient_76	comorbidity	Depression
Patient_82	comorbidity	Depression
Patient_120	comorbidity	Depression
Patient_138	comorbidity	Depression
Patient_139	comorbidity	Depression
Patient_152	comorbidity	Depression
Patient_178	comorbidity	Depression
Patient_193	comorbidity	Depression
Patient_196	comorbidity	Depression
Patient_212	comorbidity	Depression
Patient_235	comorbidity	Depression
Patient_256	comorbidity	Depression
Patient_261	comorbidity	Depression
Patient_312	comorbidity	Depression
Patient_322	comorbidity	Depression
Patient_355	comorbidity	Depression
Patient_385	comorbidity	Depression
Patient_400	comorbidity	Depression
Patient_466	comorbidity	Depression
Patient_562	comorbidity	Depression
Patient_566	comorbidity	Depression
Patient_617	comorbidity	Depression
Patient_640	comorbidity	Depression
Patient_684	comorbidity	Depression
Patient_707	comorbidity	Depression
Patient_709	comorbidity	Depression
Patient_743	comorbidity	Depression
Patient_754	comorbidity	Depression
Patient_775	comorbidity	Depression
Patient_798	comorbidity	Depression
Patient_812	comorbidity	Depression
Patient_879	comorbidity	Depression
Patient_896	comorbidity	Depression
Patient_922	comorbidity	Depression
Patient_0	comorbidity	Depression
Patient_2	comorbidity	Depression
Patient_7	comorbidity	Depression
Patient_17	comorbidity	Depression
Patient_28	comorbidity	Depression
Patient_42	comorbidity	Depression
Patient_63	comorbidity	Depression
Patient_74	comorbidity	Depression
Patient_102	comorbidity	Depression
Patient_120	comorbidity	Depression
Patient_165	comorbidity	Depression
Patient_257	comorbidity	Depression
Patient_261	comorbidity	Depression
Patient_294	comorbidity	Depression
Patient_321	comorbidity	Depression
Patient_322	comorbidity	Depression
Patient_351	comorbidity	Depression
Patient_360	comorbidity	Depression
Patient_423	comorbidity	Depression
Patient_435	comorbidity	Depression
Patient_461	comorbidity	Depression
Patient_475	comorbidity	Depression
Patient_532	comorbidity	Depression
Patient_544	comorbidity	Depression
Patient_552	comorbidity	Depression
Patient_562	comorbidity	Depression
Patient_597	comorbidity	Depression
Patient_608	comorbidity	Depression
Patient_658	comorbidity	Depression
Patient_660	comorbidity	Depression
Patient_667	comorbidity	Depression
Patient_670	comorbidity	Depression
Patient_684	comorbidity	Depression
Patient_737	comorbidity	Depression
Patient_745	comorbidity	Depression
Patient_772	comorbidity	Depression
Patient_775	comorbidity	Depression
Patient_811	comorbidity	Depression
Patient_826	comorbidity	Depression
Patient_832	comorbidity	Depression
Patient_878	comorbidity	Depression
Patient_950	comorbidity	Depression
Patient_990	comorbidity	Depression
Patient_997	comorbidity	Depression
