Patient_34	sex	male
Patient_90	sex	male
Patient_162	sex	male
Patient_201	sex	male
Patient_209	sex	male
Patient_231	sex	male
Patient_237	sex	male
Patient_243	sex	male
Patient_245	sex	male
Patient_251	sex	male
Patient_402	sex	male
Patient_406	sex	male
Patient_435	sex	male
Patient_455	sex	male
Patient_456	sex	male
Patient_463	sex	male
Patient_470	sex	male
Patient_521	sex	male
Patient_573	sex	male
Patient_619	sex	male
Patient_632	sex	male
Patient_647	sex	male
Patient_718	sex	male
Patient_736	sex	male
Patient_826	sex	male
Patient_861	sex	male
Patient_871	sex	male
Patient_881	sex	male
Patient_898	sex	male
Patient_934	sex	male
Patient_943	sex	male
Patient_978	sex	male
Patient_14	sex	male
Patient_49	sex	male
Patient_52	sex	male
Patient_56	sex	male
Patient_107	sex	male
Patient_133	sex	male
Patient_158	sex	male
Patient_159	sex	male
Patient_164	sex	male
Patient_172	sex	male
Patient_177	sex	male
Patient_186	sex	male
Patient_202	sex	male
Patient_221	sex	male
Patient_243	sex	male
Patient_248	sex	male
Patient_287	sex	male
Patient_295	sex	male
Patient_305	sex	male
Patient_317	sex	male
Patient_341	sex	male
Patient_358	sex	male
Patient_431	sex	male
Patient_444	sex	male
Patient_446	sex	male
Patient_450	sex	male
Patient_458	sex	male
Patient_495	sex	male
Patient_502	sex	male
Patient_513	sex	male
Patient_531	sex	male
Patient_547	sex	male
Patient_572	sex	male
Patient_575	sex	male
Patient_618	sex	male
Patient_644	sex	male
Patient_685	sex	male
Patient_697	sex	male
Patient_703	sex	male
Patient_715	sex	male
Patient_718	sex	male
Patient_726	sex	male
Patient_761	sex	male
Patient_769	sex	male
Patient_803	sex	male
Patient_805	sex	male
Patient_820	sex	male
Patient_827	sex	male
Patient_834	sex	male
Patient_849	sex	male
Patient_852	sex	male
Patient_865	sex	male
Patient_871	sex	male
Patient_876	sex	male
Patient_907	sex	male
Patient_910	sex	male
Patient_925	sex	male
Patient_933	sex	male
Patient_117	sex	male
Patient_133	sex	male
Patient_139	sex	male
Patient_186	sex	male
Patient_243	sex	male
Patient_267	sex	male
Patient_305	sex	male
Patient_341	sex	male
Patient_376	sex	male
Patient_388	sex	male
Patient_402	sex	male
Patient_411	sex	male
Patient_463	sex	male
Patient_470	sex	male
Patient_494	sex	male
Patient_505	sex	male
Patient_527	sex	male
Patient_531	sex	male
Patient_594	sex	male
Patient_596	sex	male
Patient_617	sex	male
Patient_618	sex	male
Patient_619	sex	male
Patient_632	sex	male
Patient_645	sex	male
Patient_661	sex	male
Patient_689	sex	male
Patient_706	sex	male
Patient_718	sex	male
Patient_736	sex	male
Patient_748	sex	male
Patient_775	sex	male
Patient_784	sex	male
Patient_805	sex	male
Patient_826	sex	male
Patient_849	sex	male
Patient_871	sex	male
Patient_881	sex	male
Patient_907	sex	male
Patient_908	sex	male
Patient_912	sex	male
Patient_934	sex	male
Patient_955	sex	male
Patient_978	sex	male
Patient_14	sex	male
Patient_16	sex	male
Patient_49	sex	male
Patient_52	sex	male
Patient_53	sex	male
Patient_56	sex	male
Patient_110	sex	male
Patient_125	sex	male
Patient_133	sex	male
Patient_144	sex	male
Patient_149	sex	male
Patient_156	sex	male
Patient_177	sex	male
Patient_186	sex	male
Patient_191	sex	male
Patient_213	sex	male
Patient_234	sex	male
Patient_244	sex	male
Patient_273	sex	male
Patient_288	sex	male
Patient_324	sex	male
Patient_348	sex	male
Patient_362	sex	male
Patient_365	sex	male
Patient_387	sex	male
Patient_390	sex	male
Patient_426	sex	male
Patient_431	sex	male
Patient_444	sex	male
Patient_449	sex	male
Patient_456	sex	male
Patient_478	sex	male
Patient_484	sex	male
Patient_486	sex	male
Patient_502	sex	male
Patient_570	sex	male
Patient_587	sex	male
Patient_601	sex	male
Patient_621	sex	male
Patient_626	sex	male
Patient_631	sex	male
Patient_637	sex	male
Patient_650	sex	male
Patient_682	sex	male
Patient_685	sex	male
Patient_701	sex	male
Patient_718	sex	male
Patient_729	sex	male
Patient_733	sex	male
Patient_739	sex	male
Patient_744	sex	male
Patient_758	sex	male
Patient_769	sex	male
Patient_774	sex	male
Patient_779	sex	male
Patient_781	sex	male
Patient_805	sex	male
Patient_820	sex	male
Patient_822	sex	male
Patient_849	sex	male
Patient_852	sex	male
Patient_868	sex	male
Patient_871	sex	male
Patient_892	sex	male
Patient_893	sex	male
Patient_920	sex	male
Patient_979	sex	male
Patient_1	sex	male
Patient_16	sex	male
Patient_24	sex	male
Patient_34	sex	male
Patient_46	sex	male
Patient_69	sex	male
Patient_90	sex	male
Patient_110	sex	male
Patient_133	sex	male
Patient_145	sex	male
Patient_186	sex	male
Patient_198	sex	male
Patient_206	sex	male
Patient_208	sex	male
Patient_224	sex	male
Patient_234	sex	male
Patient_241	sex	male
Patient_243	sex	male
Patient_245	sex	male
Patient_251	sex	male
Patient_259	sex	male
Patient_305	sex	male
Patient_341	sex	male
Patient_348	sex	male
Patient_359	sex	male
Patient_369	sex	male
Patient_390	sex	male
Patient_406	sex	male
Patient_426	sex	male
Patient_456	sex	male
Patient_478	sex	male
Patient_516	sex	male
Patient_522	sex	male
Patient_531	sex	male
Patient_573	sex	male
Patient_618	sex	male
Patient_630	sex	male
Patient_647	sex	male
Patient_650	sex	male
Patient_652	sex	male
Patient_657	sex	male
Patient_718	sex	male
Patient_733	sex	male
Patient_774	sex	male
Patient_805	sex	male
Patient_849	sex	male
Patient_868	sex	male
Patient_871	sex	male
Patient_892	sex	male
Patient_907	sex	male
Patient_943	sex	male
Patient_987	sex	male
Patient_24	sex	male
Patient_34	sex	male
Patient_69	sex	male
Patient_90	sex	male
Patient_133	sex	male
Patient_139	sex	male
Patient_145	sex	male
Patient_186	sex	male
Patient_209	sex	male
Patient_210	sex	male
Patient_231	sex	male
Patient_234	sex	male
Patient_237	sex	male
Patient_241	sex	male
Patient_243	sex	male
Patient_245	sex	male
Patient_254	sex	male
Patient_259	sex	male
Patient_305	sex	male
Patient_348	sex	male
Patient_359	sex	male
Patient_369	sex	male
Patient_376	sex	male
Patient_388	sex	male
Patient_390	sex	male
Patient_403	sex	male
Patient_406	sex	male
Patient_424	sex	male
Patient_426	sex	male
Patient_455	sex	male
Patient_456	sex	male
Patient_500	sex	male
Patient_521	sex	male
Patient_527	sex	male
Patient_531	sex	male
Patient_582	sex	male
Patient_594	sex	male
Patient_619	sex	male
Patient_632	sex	male
Patient_640	sex	male
Patient_650	sex	male
Patient_652	sex	male
Patient_661	sex	male
Patient_683	sex	male
Patient_684	sex	male
Patient_689	sex	male
Patient_706	sex	male
Patient_737	sex	male
Patient_775	sex	male
Patient_784	sex	male
Patient_826	sex	male
Patient_861	sex	male
Patient_892	sex	male
Patient_929	sex	male
Patient_934	sex	male
Patient_943	sex	male
Patient_952	sex	male
Patient_955	sex	male
Patient_11	sex	male
Patient_16	sex	male
Patient_49	sex	male
Patient_69	sex	male
Patient_73	sex	male
Patient_104	sex	male
Patient_114	sex	male
Patient_144	sex	male
Patient_172	sex	male
Patient_177	sex	male
Patient_208	sex	male
Patient_219	sex	male
Patient_228	sex	male
Patient_243	sex	male
Patient_248	sex	male
Patient_259	sex	male
Patient_273	sex	male
Patient_275	sex	male
Patient_278	sex	male
Patient_284	sex	male
Patient_288	sex	male
Patient_289	sex	male
Patient_305	sex	male
Patient_315	sex	male
Patient_344	sex	male
Patient_358	sex	male
Patient_359	sex	male
Patient_377	sex	male
Patient_378	sex	male
Patient_396	sex	male
Patient_458	sex	male
Patient_472	sex	male
Patient_490	sex	male
Patient_497	sex	male
Patient_508	sex	male
Patient_513	sex	male
Patient_516	sex	male
Patient_547	sex	male
Patient_555	sex	male
Patient_563	sex	male
Patient_575	sex	male
Patient_592	sex	male
Patient_601	sex	male
Patient_603	sex	male
Patient_618	sex	male
Patient_621	sex	male
Patient_623	sex	male
Patient_625	sex	male
Patient_630	sex	male
Patient_631	sex	male
Patient_637	sex	male
Patient_647	sex	male
Patient_662	sex	male
Patient_674	sex	male
Patient_682	sex	male
Patient_703	sex	male
Patient_729	sex	male
Patient_731	sex	male
Patient_742	sex	male
Patient_744	sex	male
Patient_752	sex	male
Patient_768	sex	male
Patient_769	sex	male
Patient_824	sex	male
Patient_827	sex	male
Patient_857	sex	male
Patient_873	sex	male
Patient_876	sex	male
Patient_906	sex	male
Patient_907	sex	male
Patient_920	sex	male
Patient_925	sex	male
Patient_933	sex	male
Patient_953	sex	male
